{
    "type": "machine",
    "name": "Voron Trident 250 0.2 nozzle",
    "inherits": "fdm_klipper_common",
    "from": "system",
    "setting_id": "VORON2_TRIDENT_250",
    "instantiation": "true",
    "printer_model": "Voron Trident 250",
    "default_print_profile": "0.10mm Standard 0.2 nozzle @Voron",
    "max_layer_height": [
        "0.16"
    ],
    "min_layer_height": [
        "0.05"
    ],
    "nozzle_diameter": [
        "0.2"
    ],
    "printable_area": [
        "0x0",
        "250x0",
        "250x250",
        "0x250"
    ],
    "printable_height": "250",
    "printer_variant": "0.2"
}