{
    "type": "machine",
    "name": "Voron 2.4 300 0.6 nozzle",
    "inherits": "fdm_klipper_common",
    "from": "system",
    "setting_id": "VORON2_300_060",
    "instantiation": "true",
    "printer_model": "Voron 2.4 300",
    "default_print_profile": "0.30mm Standard 0.6 nozzle @Voron",
    "max_layer_height": [
        "0.45"
    ],
    "min_layer_height": [
        "0.15"
    ],
    "nozzle_diameter": [
        "0.6"
    ],
    "printable_area": [
        "0x0",
        "300x0",
        "300x300",
        "0x300"
    ],
    "printable_height": "275",
    "printer_variant": "0.6"
}