{
    "type": "machine_model",
    "name": "Voron Switchwire 250",
    "model_id": "VORON_SWITCHWIRE_250",
    "nozzle_diameter": "0.15;0.2;0.25;0.4;0.5;0.6;0.8;1.0",
    "machine_tech": "FFF",
    "family": "VoronDesign",
    "bed_model": "",
    "bed_texture": "voron_switchwire_logo.svg",
    "hotend_model": "",
    "default_materials": "Generic ABS @System;Generic PLA @System;Generic PLA-CF @System;Generic PETG @System;Generic TPU @System;Generic ASA @System;Generic PC @System;Generic PVA @System;Generic PA @System;Generic PA-CF @System"
}