{
    "type": "machine",
    "name": "Voron Trident 300 0.5 nozzle",
    "inherits": "fdm_klipper_common",
    "from": "system",
    "setting_id": "VORON2_TRIDENT_300_050",
    "instantiation": "true",
    "printer_model": "Voron Trident 300",
    "default_print_profile": "0.25mm Standard 0.5 nozzle @Voron",
    "max_layer_height": [
        "0.4"
    ],
    "min_layer_height": [
        "0.1"
    ],
    "nozzle_diameter": [
        "0.5"
    ],
    "printable_area": [
        "0x0",
        "300x0",
        "300x300",
        "0x300"
    ],
    "printable_height": "250",
    "printer_variant": "0.5"
}