{
    "type": "machine",
    "name": "Voron Switchwire 250 0.8 nozzle",
    "inherits": "fdm_klipper_common",
    "from": "system",
    "setting_id": "VORON_SWITCHWIRE_250_080",
    "instantiation": "true",
    "printer_model": "Voron Switchwire 250",
    "default_print_profile": "0.40mm Standard 0.8 nozzle @Voron",
    "max_layer_height": [
        "0.64"
    ],
    "min_layer_height": [
        "0.2"
    ],
    "nozzle_diameter": [
        "0.8"
    ],
    "printable_area": [
        "0x0",
        "250x0",
        "250x210",
        "0x210"
    ],
    "printable_height": "240",
    "printer_variant": "0.8"
}