{
    "type": "machine",
    "name": "Voron Trident 300 1.0 nozzle",
    "inherits": "fdm_klipper_common",
    "from": "system",
    "setting_id": "VORON2_TRIDENT_300_100",
    "instantiation": "true",
    "printer_model": "Voron Trident 300",
    "default_print_profile": "0.50mm Standard 1.0 nozzle @Voron",
    "max_layer_height": [
        "0.80"
    ],
    "min_layer_height": [
        "0.25"
    ],
    "nozzle_diameter": [
        "1.0"
    ],
    "printable_area": [
        "0x0",
        "300x0",
        "300x300",
        "0x300"
    ],
    "printable_height": "250",
    "printer_variant": "1.0"
}