{
    "type": "machine",
    "name": "Voron 0.1 0.4 nozzle",
    "inherits": "fdm_klipper_common",
    "from": "system",
    "setting_id": "VORON01_040",
    "instantiation": "true",
    "printer_model": "Voron 0.1",
    "default_print_profile": "0.20mm Standard @Voron",
    "max_layer_height": [
        "0.32"
    ],
    "min_layer_height": [
        "0.10"
    ],
    "nozzle_diameter": [
        "0.4"
    ],
    "printable_area": [
        "0x0",
        "120x0",
        "120x120",
        "0x120"
    ],
    "printable_height": "120",
    "nozzle_type": "undefine",
    "auxiliary_fan": "0"
	"printer_variant": "0.4"
}