{
    "type": "machine",
    "name": "Voron 2.4 350 1.0 nozzle",
    "inherits": "fdm_klipper_common",
    "from": "system",
    "setting_id": "VORON2_350_100",
    "instantiation": "true",
    "printer_model": "Voron 2.4 350",
    "default_print_profile": "0.50mm Standard 1.0 nozzle @Voron",
    "max_layer_height": [
        "0.9"
    ],
    "min_layer_height": [
        "0.25"
    ],
    "nozzle_diameter": [
        "1.0"
    ],
    "printable_area": [
        "0x0",
        "350x0",
        "350x350",
        "0x350"
    ],
    "printable_height": "325",
    "printer_variant": "1.0"
}