{
    "type": "machine",
    "name": "Voron 2.4 300 0.8 nozzle",
    "inherits": "fdm_klipper_common",
    "from": "system",
    "setting_id": "VORON2_300_080",
    "instantiation": "true",
    "printer_model": "Voron 2.4 300",
    "default_print_profile": "0.40mm Standard 0.8 nozzle @Voron",
    "max_layer_height": [
        "0.6"
    ],
    "min_layer_height": [
        "0.20"
    ],
    "nozzle_diameter": [
        "0.8"
    ],
    "printable_area": [
        "0x0",
        "300x0",
        "300x300",
        "0x300"
    ],
    "printable_height": "275",
    "printer_variant": "0.8"
}