{
    "type": "machine",
    "name": "Voron 0.2 1.0 nozzle",
    "inherits": "fdm_klipper_common",
    "from": "system",
    "setting_id": "VORON02_100",
    "instantiation": "true",
    "printer_model": "Voron 0.2",
    "default_print_profile": "0.50mm Standard 1.0 nozzle @Voron",
    "max_layer_height": [
        "0.80"
    ],
    "min_layer_height": [
        "0.25"
    ],
    "nozzle_diameter": [
        "1.0"
    ],
    "printable_area": [
        "0x0",
        "120x0",
        "120x120",
        "0x120"
    ],
    "printable_height": "120",
    "nozzle_type": "undefine",
    "auxiliary_fan": "0",
    "printer_variant": "1.0"
}