{
    "type": "machine",
    "name": "Voron Switchwire 250 1.0 nozzle",
    "inherits": "fdm_klipper_common",
    "from": "system",
    "setting_id": "VORON_SWITCHWIRE_250_100",
    "instantiation": "true",
    "printer_model": "Voron Switchwire 250",
    "default_print_profile": "0.50mm Standard 1.0 nozzle @Voron",
    "max_layer_height": [
        "0.80"
    ],
    "min_layer_height": [
        "0.25"
    ],
    "nozzle_diameter": [
        "1.0"
    ],
    "printable_area": [
        "0x0",
        "250x0",
        "250x210",
        "0x210"
    ],
    "printable_height": "240",
    "printer_variant": "1.0"
}