{
    "type": "machine",
    "name": "Voron 0.2 0.5 nozzle",
    "inherits": "fdm_klipper_common",
    "from": "system",
    "setting_id": "VORON02_050",
    "instantiation": "true",
    "printer_model": "Voron 0.2",
    "default_print_profile": "0.25mm Standard 0.5 nozzle @Voron",
    "max_layer_height": [
        "0.4"
    ],
    "min_layer_height": [
        "0.1"
    ],
    "nozzle_diameter": [
        "0.5"
    ],
    "printable_area": [
        "0x0",
        "120x0",
        "120x120",
        "0x120"
    ],
    "printable_height": "120",
    "nozzle_type": "undefine",
    "auxiliary_fan": "0",
    "printer_variant": "0.5"
}