{
    "type": "machine",
    "name": "Voron Switchwire 250 0.5 nozzle",
    "inherits": "fdm_klipper_common",
    "from": "system",
    "setting_id": "VORON_SWITCHWIRE_250_050",
    "instantiation": "true",
    "printer_model": "Voron Switchwire 250",
    "default_print_profile": "0.25mm Standard 0.5 nozzle @Voron",
    "max_layer_height": [
        "0.4"
    ],
    "min_layer_height": [
        "0.1"
    ],
    "nozzle_diameter": [
        "0.5"
    ],
    "printable_area": [
        "0x0",
        "250x0",
        "250x210",
        "0x210"
    ],
    "printable_height": "240",
    "printer_variant": "0.5"
}