{
    "type": "machine",
    "name": "Voron 2.4 350 0.5 nozzle",
    "inherits": "fdm_klipper_common",
    "from": "system",
    "setting_id": "VORON2_350_050",
    "instantiation": "true",
    "printer_model": "Voron 2.4 350",
    "default_print_profile": "0.25mm Standard 0.5 nozzle @Voron",
    "max_layer_height": [
        "0.4"
    ],
    "min_layer_height": [
        "0.1"
    ],
    "nozzle_diameter": [
        "0.5"
    ],
    "printable_area": [
        "0x0",
        "350x0",
        "350x350",
        "0x350"
    ],
    "printable_height": "325",
    "printer_variant": "0.5"
}